name,theme,subtheme,category
1,PD,PD,PD
1,PD,C_O,5
1,PD,C_O,6
1,PD,INC,19
1,PD,INC,27
1,PD,INC,28
1,PD,IM,30
1,PD,W,31
1,PD,IM,32
1,PD,W,33
1,PD,W,34
1,EDU,EDU,EDU
1,EDU,value,46
2,PD,C,1
2,PD,PD,PD
4,PD,PD,PD
4,PD,C,1
4,PD,I,7
5,PD,PD,PD
5,PD,E,EE
5,PD,MHL,GA
5,PD,MHL,G
6,PD,PD,PD
6,PD,C,1
6,PD,C,2
6,PD,C,3
8,PD,S,11
8,PD,PD,PD
11,PD,PD,PD
11,PD,E,FA
12,PD,PD,PD
12,PD,E,EWB
15,PD,PD,PD
15,PD,C,1
15,PD,E,21
16,PD,PD,PD
16,PD,E,EE
17,PD,PD,PD
17,PD,E,EE
18,PD,MHL,MHA
18,PD,E,FA
18,PD,E,EWB
18,PD,PD,PD
19,PD,PD,PD
19,PD,MHL,GA
19,PD,MHL,G
20,PD,PD,PD
20,PD,EX,36
22,PD,PD,PD
22,PD,S,22
23,EDU,V,51
23,EDU,explore,45
23,EDU,EDU,EDU
23,PD,S,9
23,PD,INC,27
23,PD,EX,36
23,PD,PD,PD
25,PD,PD,PD
25,PD,MHL,MHA
25,PD,SK,20
25,PD,R,29
25,PD,S,40
25,EDU,EDU,EDU
25,EDU,SK,47
26,ACE,TE,CLA
26,ACE,TE,CT
27,PD,PD,PD
27,PD,E,ES
27,PD,S,10
27,PD,S,13
27,PD,SK,20
27,PD,W,31
28,EDU,EDU,EDU
28,PD,PD,PD
28,PD,E,21
28,PD,I,37
28,EDU,V,51
31,PD,LS,23
31,PD,PD,PD
32,PD,PD,PD
32,PD,E,JH
33,PD,PD,PD
33,PD,E,EE
35,EDU,EXP,53
35,PD,PD,PD
35,PD,S,12
35,PD,S,13
35,EDU,EDU,EDU
36,EDU,EDU,EDU
36,EDU,skill,42
37,PD,I,8
37,PD,PD,PD
38,ACE,TE,CT
38,ACE,TE,CLA
39,EDU,EDU,EDU
39,PD,SK,20
39,PD,S,13
39,EDU,SK,47
39,PD,E,EWB
39,PD,E,ES
39,PD,PD,PD
39,PD,I,8
41,PD,S,10
41,PD,C_O,5
41,PD,PD,PD
42,PD,PD,PD
42,PD,C_O,6
46,PD,PD,PD
46,PD,C,2
46,PD,C,3
47,PD,PD,PD
47,PD,E,JH
47,PD,E,24
48,EDU,SK,47
48,EDU,EDU,EDU
48,PD,S,40
48,PD,R,29
48,PD,E,ES
48,PD,PD,PD
48,PD,IM,35
51,EDU,V,51
51,PD,PD,PD
51,PD,C,1
51,PD,I,7
51,PD,E,21
51,PD,IM,35
51,EDU,EDU,EDU
52,PD,EX,36
52,PD,RE,26
52,PD,PD,PD
53,PD,PD,PD
53,PD,S,38
53,PD,EX,41
54,ACE,TE,CT
54,ACE,TE,CLA
55,PD,S,38
55,PD,IM,30
55,PD,S,10
55,PD,IM,32
55,PD,C_O,5
55,PD,PD,PD
55,PD,C_O,6
56,PD,PD,PD
56,PD,E,ES
57,PD,PD,PD
57,PD,S,22
57,PD,INC,27
57,PD,SK,39
59,PD,EX,41
59,EDU,value,46
59,EDU,skill,43
59,EDU,EDU,EDU
59,PD,EX,36
59,PD,S,38
59,PD,W,33
59,PD,W,34
59,PD,W,31
59,PD,RE,26
59,PD,C_O,6
59,PD,PD,PD
61,PD,PD,PD
61,PD,E,EWB
61,PD,MHL,GA
61,PD,MHL,G
61,PD,E,24
65,EDU,skill,43
65,EDU,skill,42
65,EDU,EDU,EDU
66,EDU,EDU,EDU
66,EDU,skill,42
67,PD,PD,PD
67,PD,W,33
67,PD,W,34
67,PD,EX,36
67,PD,EX,41
68,PD,PD,PD
68,PD,E,EE
70,PD,PD,PD
70,PD,S,11
72,PD,C,2
72,PD,PD,PD
73,PD,PD,PD
73,PD,MHL,MHA
74,PD,PD,PD
74,PD,C,1
75,EDU,EDU,EDU
75,EDU,skill,42
76,EDU,EDU,EDU
76,EDU,EDU,48
78,PD,PD,PD
78,PD,IM,35
79,PD,S,11
79,PD,PD,PD
80,ACE,TE,CLA
80,ACE,TE,CT
81,PD,PD,PD
81,PD,I,8
83,ACE,TE,CT
83,ACE,TE,HD
84,PD,PD,PD
84,PD,E,FA
86,PD,PD,PD
86,PD,E,JH
87,PD,PD,PD
87,PD,E,JH
88,PD,EX,41
88,PD,PD,PD
89,PD,MHL,MHA
89,PD,E,EWB
89,PD,E,EE
89,PD,PD,PD
90,ACE,TE,CT
90,ACE,TE,N
91,PD,PD,PD
91,PD,C_O,6
91,PD,S,38
93,PD,PD,PD
93,PD,S,22
93,EDU,EDU,EDU
93,EDU,EDU,48
95,PD,PD,PD
95,PD,E,JH
96,PD,W,31
96,PD,PD,PD
97,PD,PD,PD
97,PD,E,ES
97,PD,S,13
98,PD,PD,PD
98,PD,E,ES
99,PD,PD,PD
99,PD,C,2
99,PD,C,3
100,PD,PD,PD
100,PD,RE,26
101,EDU,explore,45
101,EDU,EDU,EDU
101,PD,S,11
101,PD,PD,PD
102,PD,PD,PD
102,PD,E,EE
103,PD,PD,PD
103,PD,W,33
103,PD,W,34
103,PD,EX,41
105,PD,PD,PD
105,PD,I,37
107,PD,PD,PD
107,PD,E,FA
108,PD,E,EE
108,PD,PD,PD
110,PD,PD,PD
110,PD,IM,35
110,EDU,EDU,EDU
110,EDU,SK,47
113,PD,PD,PD
113,PD,C_O,5
113,PD,IM,32
114,PD,INC,28
114,PD,PD,PD
114,PD,INC,19
114,PD,INC,27
115,ACE,TE,CLA
115,ACE,TE,CT
116,PD,PD,PD
116,PD,EX,36
119,PD,PD,PD
119,PD,C_O,6
119,PD,S,38
120,PD,PD,PD
120,PD,S,9
122,PD,PD,PD
122,PD,I,7
122,PD,IM,35
123,PD,PD,PD
123,PD,MHL,GA
123,PD,MHL,G
124,PD,E,24
124,PD,PD,PD
125,PD,PD,PD
125,PD,E,EWB
125,PD,LS,23
126,PD,PD,PD
126,PD,E,EE
127,EDU,EDU,48
127,EDU,explore,45
127,EDU,EDU,EDU
127,PD,S,40
127,PD,SK,39
127,PD,W,34
127,PD,IM,32
127,PD,IM,30
127,PD,INC,19
127,PD,INC,28
127,PD,INC,27
127,PD,I,7
127,PD,C,3
127,PD,C,2
127,PD,C,1
127,PD,PD,PD
127,PD,R,29
128,PD,PD,PD
128,PD,C_O,6
129,PD,E,JH
129,PD,PD,PD
130,PD,PD,PD
130,PD,S,13
131,PD,EX,41
131,PD,W,34
131,PD,W,33
131,PD,IM,32
131,PD,W,31
131,PD,IM,30
131,PD,INC,28
131,PD,INC,27
131,PD,LS,23
131,PD,SK,20
131,PD,INC,19
131,PD,S,10
131,PD,MHL,MHA
131,PD,E,EWB
131,PD,PD,PD
133,PD,IM,32
133,PD,W,31
133,PD,IM,30
133,PD,SK,20
133,PD,S,13
133,PD,I,8
133,PD,MHL,MHA
133,PD,E,ES
133,PD,PD,PD
133,PD,S,10
134,PD,PD,PD
134,PD,S,9
134,EDU,EDU,EDU
134,EDU,value,46
137,EDU,EDU,EDU
137,EDU,skill,43
138,EDU,explore,45
138,PD,EX,36
138,EDU,EDU,EDU
138,PD,PD,PD
138,PD,INC,27
139,PD,PD,PD
139,PD,W,33
139,PD,W,34
143,PD,PD,PD
143,PD,S,9
143,PD,EX,36
144,PD,PD,PD
144,PD,C_O,6
144,PD,S,22
144,PD,RE,26
145,PD,I,37
145,EDU,explore,45
145,PD,PD,PD
145,EDU,EDU,EDU
147,PD,PD,PD
147,PD,R,29
147,PD,S,40
147,EDU,EDU,EDU
147,EDU,EDU,48
148,PD,W,34
148,PD,PD,PD
148,PD,W,33
148,PD,EX,41
150,EDU,V,51
150,EDU,EDU,EDU
150,PD,PD,PD
150,PD,S,9
151,EDU,EDU,EDU
151,EDU,value,46
153,PD,PD,PD
153,PD,R,29
153,PD,S,40
153,EDU,EDU,EDU
153,EDU,explore,45
154,PD,S,11
154,PD,C,3
154,PD,PD,PD
154,PD,C,2
155,EDU,EDU,EDU
155,PD,PD,PD
155,PD,E,EWB
155,PD,E,JH
155,PD,MHL,GA
155,PD,MHL,G
155,PD,E,24
155,PD,EX,41
155,EDU,skill,43
157,PD,S,38
157,PD,C_O,6
157,PD,C_O,5
157,PD,PD,PD
158,EDU,EDU,EDU
158,EDU,EDU,48
159,PD,PD,PD
159,PD,E,JH
159,EDU,EDU,EDU
159,EDU,skill,43
160,PD,S,22
160,PD,SK,39
160,PD,PD,PD
160,PD,C_O,6
161,PD,PD,PD
161,PD,I,7
161,EDU,EDU,EDU
161,EDU,EDU,48
162,PD,PD,PD
162,PD,RE,26
163,PD,IM,32
163,PD,PD,PD
163,PD,IM,30
165,EDU,EDU,EDU
165,EDU,skill,42
165,PD,PD,PD
165,PD,E,JH
165,EDU,skill,43
166,EDU,EXP,53
166,EDU,EDU,EDU
166,PD,S,12
166,PD,S,13
166,PD,PD,PD
168,PD,PD,PD
168,PD,LS,23
169,PD,S,38
171,PD,PD,PD
171,PD,I,37
173,PD,PD,PD
173,PD,MHL,MHA
174,ACE,TE,CT
174,ACE,TE,HD
176,PD,PD,PD
176,PD,C,3
177,PD,S,40
177,PD,IM,35
177,PD,R,29
177,PD,PD,PD
177,PD,S,10
177,PD,I,8
177,PD,SK,20
178,PD,PD,PD
178,PD,I,7
178,PD,IM,35
179,PD,PD,PD
179,PD,LS,23
181,PD,RE,26
181,PD,PD,PD
183,PD,W,31
183,PD,PD,PD
185,PD,PD,PD
185,PD,C,2
185,PD,C,3
186,PD,PD,PD
186,PD,S,11
187,PD,PD,PD
187,PD,C_O,5
187,PD,S,10
188,EDU,EDU,EDU
188,EDU,value,46
189,EDU,EDU,EDU
189,EDU,EDU,48
190,PD,E,24
190,PD,PD,PD
194,EDU,EDU,EDU
194,EDU,skill,42
196,PD,PD,PD
196,PD,E,FA
197,ACE,TE,CT
197,ACE,TE,HD
198,PD,E,21
200,PD,W,34
200,PD,IM,32
200,PD,W,31
200,PD,IM,30
200,PD,INC,28
200,PD,SK,20
200,PD,S,13
200,PD,INC,19
200,PD,INC,27
200,PD,PD,PD
201,PD,PD,PD
201,PD,E,EWB
202,EDU,EDU,EDU
202,EDU,skill,42
203,EDU,skill,42
203,EDU,skill,43
203,EDU,EDU,EDU
205,ACE,TE,CT
205,ACE,TE,A
206,ACE,TE,CT
206,ACE,TE,N
207,PD,PD,PD
207,PD,E,JH
207,EDU,EDU,EDU
207,EDU,skill,43
208,EDU,skill,42
208,EDU,EDU,EDU
208,EDU,skill,43
208,PD,PD,PD
208,PD,E,24
211,PD,PD,PD
211,PD,R,29
211,PD,S,40
211,EDU,EDU,EDU
211,EDU,SK,47
213,EDU,EDU,EDU
213,EDU,V,51
214,EDU,EDU,EDU
214,EDU,EDU,48
214,PD,PD,PD
214,PD,I,7
215,ACE,TE,CT
215,ACE,TE,A
216,PD,IM,35
216,PD,I,37
217,PD,PD,PD
217,PD,MHL,GA
217,PD,MHL,G
220,PD,W,34
220,PD,PD,PD
220,PD,IM,30
220,PD,IM,32
221,EDU,EDU,EDU
221,PD,E,21
221,PD,EX,41
221,EDU,SK,47
221,PD,I,37
221,PD,PD,PD
221,PD,W,33
221,PD,RE,26
221,PD,W,34
221,PD,W,31
223,ACE,TE,CT
223,ACE,TE,HD
224,PD,PD,PD
224,PD,I,8
224,PD,S,10
224,PD,SK,20
224,PD,EX,41
225,EDU,EDU,EDU
225,EDU,value,46
226,PD,PD,PD
226,PD,LS,23
227,PD,W,34
227,EDU,skill,42
227,PD,IM,32
227,EDU,skill,43
227,PD,INC,28
227,EDU,EDU,EDU
227,PD,E,24
227,PD,INC,19
227,PD,E,EWB
227,PD,INC,27
227,PD,E,ES
227,PD,PD,PD
231,PD,PD,PD
231,PD,S,12
231,PD,S,13
231,EDU,EDU,EDU
231,EDU,V,51
231,EDU,EXP,53
236,PD,S,11
236,PD,PD,PD
238,PD,PD,PD
238,PD,LS,23
239,PD,PD,PD
239,PD,S,12
239,PD,S,13
239,EDU,EDU,EDU
239,EDU,value,46
239,EDU,EXP,53
240,ACE,TE,CT
240,ACE,TE,F
240,PD,PD,PD
240,PD,E,FA
241,EDU,EDU,EDU
241,EDU,explore,45
241,PD,C_O,5
241,PD,PD,PD
242,PD,PD,PD
242,PD,SK,39
243,EDU,EXP,53
243,PD,IM,32
243,PD,S,13
243,PD,W,34
243,PD,I,8
243,PD,PD,PD
243,PD,S,12
244,PD,PD,PD
244,PD,C,1
244,PD,I,7
244,PD,R,29
244,PD,S,40
245,EDU,EDU,EDU
245,PD,INC,27
245,EDU,explore,45
246,EDU,V,51
246,EDU,EDU,EDU
246,EDU,explore,45
246,PD,S,9
246,PD,PD,PD
246,PD,S,22
247,PD,PD,PD
247,PD,S,22
247,PD,SK,39
248,EDU,explore,45
248,EDU,EDU,EDU
248,PD,INC,27
248,PD,INC,28
248,PD,S,10
248,PD,C_O,5
248,PD,PD,PD
248,PD,INC,19
249,PD,PD,PD
249,PD,S,10
249,PD,INC,27
250,EDU,EDU,EDU
250,PD,PD,PD
250,PD,E,ES
250,PD,SK,20
250,PD,W,31
250,PD,I,37
250,EDU,SK,47
252,ACE,TE,CT
252,ACE,TE,A
255,PD,PD,PD
255,PD,RE,26
258,EDU,EDU,48
258,EDU,EDU,EDU
259,PD,PD,PD
259,PD,E,EE
266,PD,PD,PD
266,PD,S,12
266,PD,S,13
266,EDU,EDU,EDU
266,EDU,EXP,53
267,PD,PD,PD
267,PD,I,37
271,PD,PD,PD
271,PD,E,ES
271,PD,S,13
272,EDU,SK,47
272,EDU,EDU,EDU
273,PD,PD,PD
273,PD,SK,39
274,EDU,EDU,EDU
274,EDU,skill,42
276,ACE,TE,CT
276,ACE,TE,HD
278,PD,IM,32
278,EDU,EXP,53
278,EDU,value,46
278,EDU,EDU,EDU
278,PD,SK,39
278,PD,S,38
278,PD,W,34
278,PD,E,24
278,PD,S,12
278,PD,S,22
278,PD,S,13
278,PD,I,8
278,PD,C_O,6
278,PD,MHL,MHA
278,PD,PD,PD
278,PD,LS,23
280,PD,PD,PD
280,PD,C_O,6
284,PD,C_O,6
284,PD,C_O,5
284,PD,PD,PD
285,PD,PD,PD
285,PD,E,FA
286,PD,PD,PD
286,PD,MHL,GA
286,PD,MHL,G
286,PD,E,24
287,PD,PD,PD
287,PD,MHL,GA
288,PD,W,33
288,PD,W,34
288,PD,MHL,MHA
288,PD,PD,PD
288,PD,I,8
291,EDU,EDU,EDU
291,EDU,skill,42
293,PD,PD,PD
293,PD,E,ES
293,PD,S,13
293,PD,SK,20
293,PD,W,31
293,EDU,EDU,EDU
293,EDU,SK,47
294,PD,I,37
294,PD,PD,PD
295,PD,SK,39
295,PD,C,1
295,PD,C,3
295,PD,I,7
295,PD,INC,19
295,PD,INC,27
295,PD,INC,28
295,PD,IM,32
295,PD,W,33
295,PD,W,34
295,PD,PD,PD
296,PD,C,3
296,PD,PD,PD
296,PD,C,2
297,PD,PD,PD
297,PD,S,9
298,PD,PD,PD
298,PD,S,11
299,PD,PD,PD
299,PD,MHL,GA
299,PD,MHL,G
300,PD,PD,PD
300,PD,S,9
301,PD,S,12
301,EDU,EXP,53
301,EDU,value,46
301,PD,PD,PD
301,PD,S,13
301,EDU,EDU,EDU
302,PD,C,3
302,PD,PD,PD
302,PD,E,FA
302,PD,C,2
303,PD,S,38
303,PD,IM,32
303,PD,W,34
303,PD,S,40
303,PD,C_O,5
303,EDU,EDU,48
303,EDU,EXP,53
303,PD,IM,30
303,EDU,EDU,EDU
303,PD,R,29
303,PD,MHL,MHA
303,PD,INC,27
303,PD,RE,26
303,PD,LS,23
303,PD,INC,19
303,PD,S,13
303,PD,S,12
303,PD,C_O,6
303,PD,INC,28
303,PD,PD,PD
304,EDU,explore,45
304,EDU,EDU,EDU
305,PD,PD,PD
305,PD,S,13
306,EDU,EDU,EDU
306,EDU,skill,42
307,EDU,EXP,53
307,EDU,explore,45
307,EDU,EDU,EDU
307,PD,E,21
307,PD,S,13
307,EDU,V,51
307,PD,S,9
307,PD,MHL,G
307,PD,MHL,GA
307,PD,PD,PD
307,PD,S,12
308,PD,PD,PD
308,PD,I,8
309,EDU,EDU,EDU
309,EDU,skill,42
310,EDU,V,51
310,EDU,EDU,EDU
310,PD,IM,35
310,EDU,explore,45
310,PD,C_O,6
310,PD,PD,PD
310,PD,E,21
312,PD,PD,PD
312,PD,S,22
312,PD,RE,26
312,PD,W,33
312,PD,W,34
312,PD,EX,36
312,PD,SK,39
313,PD,IM,30
313,EDU,EDU,EDU
313,EDU,value,46
313,PD,EX,36
313,PD,IM,32
313,PD,INC,28
313,PD,E,FA
313,PD,LS,23
313,PD,PD,PD
313,PD,INC,27
313,PD,INC,19
313,PD,S,9
314,PD,PD,PD
314,PD,S,11
315,PD,PD,PD
315,PD,MHL,GA
315,PD,C_O,6
315,PD,E,24
315,PD,S,38
315,PD,MHL,G
316,EDU,EDU,EDU
316,EDU,SK,47
317,PD,PD,PD
317,PD,S,13
318,EDU,skill,42
318,EDU,EDU,EDU
318,PD,INC,28
318,PD,C,2
318,PD,PD,PD
318,PD,INC,27
319,PD,PD,PD
319,PD,C,1
319,PD,I,7
319,PD,S,22
319,PD,IM,35
319,PD,SK,39
320,EDU,EDU,48
320,EDU,EDU,EDU
320,PD,S,40
320,PD,I,37
320,PD,C,1
320,PD,C_O,6
320,PD,PD,PD
320,PD,R,29
321,PD,PD,PD
321,PD,S,11
323,PD,PD,PD
323,PD,E,FA
324,EDU,EDU,EDU
324,PD,INC,27
324,EDU,explore,45
324,PD,C_O,5
324,PD,PD,PD
324,PD,E,21
324,EDU,V,51
